file	url	bibkey
shannon-1948-part1.pdf	https://archive.org/download/bstj27-3-379/bstj27-3-379.pdf	shannon1948
shannon-1948-part2.pdf	https://archive.org/download/bstj27-4-623/bstj27-4-623.pdf	shannon1948
shannon-1951-prediction-entropy-printed-english.pdf	https://archive.org/download/bstj30-1-50/bstj30-1-50.pdf	shannon1951
xu-2020-usable-information.pdf	https://arxiv.org/pdf/2002.10689	xu2020
finzi-2026-epiplexity.pdf	https://arxiv.org/pdf/2601.03220	finzi2026
rajaraman-2024-theory-of-tokenization.pdf	https://arxiv.org/pdf/2404.08335	rajaraman2024
zouhar-2023-formal-perspective-bpe.pdf	https://arxiv.org/pdf/2306.16837	zouhar2023formal
zouhar-2023-noiseless-channel.pdf	https://arxiv.org/pdf/2306.16842	zouhar2023channel
schmidt-2024-more-than-compression.pdf	https://arxiv.org/pdf/2402.18376	schmidt2024
chung-garrette-2020-language-clustered-vocabularies.pdf	https://arxiv.org/pdf/2010.12777	chung2020
nouri-2026-mdl-pair-encoding.pdf	https://arxiv.org/pdf/2609.31705	nouri2026
gastaldi-2024-foundations-of-tokenization.pdf	https://arxiv.org/pdf/2407.11606	gastaldi2024
erdogan-2026-information-theoretic-tokenizers.pdf	https://arxiv.org/pdf/2601.09039	erdogan2026
goriely-2025-bytespan.pdf	https://arxiv.org/pdf/2506.18639	goriely2025
deletang-2023-language-modeling-is-compression.pdf	https://arxiv.org/pdf/2309.10668	deletang2023
tao-2024-scaling-laws-vocabulary.pdf	https://arxiv.org/pdf/2407.13623	tao2024
chung-kim-2025-vocabulary-frequency-imbalance.pdf	https://arxiv.org/pdf/2508.15390	chungkim2025
land-bartolo-2024-fishing-for-magikarp.pdf	https://arxiv.org/pdf/2405.05417	land2024
yang-2018-softmax-bottleneck.pdf	https://arxiv.org/pdf/1711.03953	yang2018
wies-2021-vocabulary-bottleneck.pdf	https://arxiv.org/pdf/2105.03928	wies2021
elhage-2022-toy-models-of-superposition.pdf	https://arxiv.org/pdf/2209.10652	elhage2022
godey-2024-small-models-underperform.pdf	https://arxiv.org/pdf/2404.07647	godey2024
huang-2025-over-tokenized-transformer.pdf	https://arxiv.org/pdf/2501.16975	huang2025
godey-artzi-2026-lm-head-gradient-bottleneck.pdf	https://arxiv.org/pdf/2603.10145	godey2026
lin-tegmark-2017-critical-behavior.pdf	https://arxiv.org/pdf/1606.06737	lin2017
sennrich-2016-subword-units.pdf	https://aclanthology.org/P16-1162.pdf	sennrich2016
kudo-2018-subword-regularization.pdf	https://aclanthology.org/P18-1007.pdf	kudo2018
bottou-bousquet-2008-tradeoffs-large-scale-learning.pdf	https://proceedings.neurips.cc/paper_files/paper/2007/file/0d3180d672e08b4c5312dcdafdf6ef36-Paper.pdf	bottou2008
gowda-may-2020-optimal-vocabulary-size-nmt.pdf	https://aclanthology.org/2020.findings-emnlp.352.pdf	gowda2020
shannon-1948-part1-ocr.pdf	https://archive.org/download/bstj27-3-379/bstj27-3-379_text.pdf	shannon1948
shannon-1948-part2-ocr.pdf	https://archive.org/download/bstj27-4-623/bstj27-4-623_text.pdf	shannon1948
shannon-1951-prediction-entropy-printed-english-ocr.pdf	https://archive.org/download/bstj30-1-50/bstj30-1-50_text.pdf	shannon1951
hellman-cover-1970-learning-with-finite-memory.pdf	https://www-ee.stanford.edu/~hellman/publications/04.pdf	hellman1970
tunstall-1967-synthesis-of-noiseless-compression-codes.pdf	https://repository.gatech.edu/bitstreams/ccc48466-bd49-45fa-b579-d75b22f6465d/download	tunstall1967
charikar-2005-smallest-grammar-problem.pdf	https://shelat.khoury.northeastern.edu/dl/GrammarIEEE.pdf	charikar2005
goldwater-2007-nonparametric-bayesian-lexical-acquisition.pdf	https://homepages.inf.ed.ac.uk/sgwater/papers/thesis_1spc.pdf	goldwater2007
creutz-lagus-2007-unsupervised-morpheme-segmentation.pdf	https://dl.acm.org/doi/pdf/10.1145/1187415.1187418	creutz2007
shannon-1949-communication-in-the-presence-of-noise.pdf	https://fab.cba.mit.edu/classes/S62.12/docs/Shannon_noise.pdf	shannon1949
